file_id;file_name
./layer_i4ht8iz.png;keko__No_RGB_c123p12_NN_HO_P0_NP100.png
./layer_i4ht8iz.png;kiko__No_RGB_c123p12_NN_HO_P0_NP100.png
./layer_i4ht8iz.png;kuko__No_RGB_c123p12_NN_HO_P0_NP100.png
./layer_i4ht8iz.png;kuko__No_RGB_c123p12_NN_HO_P0_NP100.png
static/images/layer_x38kvuhy.png;vis_visible__Cd_RGB_c123p12_NN_HO_P0_NP100.png
static/images/layer_5t62da1s.png;vis_visible__Co_RGB_c123p12_NN_HO_P0_NP100.png
static/images/layer_9ksttp3y.png;vis_visible__Cr_RGB_c123p12_NN_HO_P0_NP100.png
static/images/layer_vs91yniy.png;vis_visible__Cr_RGB_c123p12_NN_HO_P0_NP100.png
static/images/layer_9ybj4dfp.png;vis_visible_Ca_RGB_c123p12_NN_HO_P0_NP100.png
static/images/layer__8t7qyro.png;vis_visible_Cr_RGB_c123p12_NN_HO_P0_NP100.png
static/images/layer_pgzdeslm.png;vis_visible_Cu_RGB_c123p12_NN_HO_P0_NP100.png
static/images/layer_34xhfa58.png;vis_visible_Cd_RGB_c123p12_NN_HO_P0_NP100.png
static/images/layer_huyyf67y.png;vis_visible_Sn_RGB_c123p12_NN_HO_P0_NP100.png
static/images/layer_56lreww4.png;vis_visible_Co_RGB_c123p12_NN_HO_P0_NP100.png
static/images/layer_w8k6aws2.png;prob_menu_Cu_RGB_c123p12_NN_HO_P0_NP100.png
static/images/layer_552rbvgy.png;vis_visible_As_RGB_c123p12_NN_HO_P0_NP100.png
static/images/layer_4qdbzpwg.png;vis_visible_Co_RGB_c123p12_NN_HO_P0_NP100.png
static/images/layer_n1sv3nw1.png;vis_visible_Cu_RGB_c123p12_NN_HO_P0_NP100.png
static/images/layer_m4h_x83j.png;vis_visible_Mn_RGB_c123p12_NN_HO_P0_NP100.png
static/images/layer_wv3me3sm.png;vis_visible_Zn_RGB_c123p12_NN_HO_P0_NP100.png
static/images/layer_xjq7w0gs.png;vis_visible_Cd_RGB_c123p12_NN_HO_P0_NP100.png
static/images/layer_swjcjs3e.png;vis_visible_Ca_RGB_c123p12_NN_HO_P0_NP100.png
static/images/layer_xoaxfa3x.png;vis_visible_Cr_RGB_c123p12_NN_HO_P0_NP100.png
static/images/layer_5ifbw5cb.png;jeje_Ca_RGB_c123p12_NY_HE_P8_NP100.png
static/images/layer_fkofy2__.png;jeje_Cd_RGB_c123p12_NY_HE_P8_NP100.png
static/images/layer_ncedmm6j.png;jeje_Ba_RGB_c123p12_NY_HE_P8_NP100.png
static/images/layer_ebqtz0oo.png;vis_visible_Ca_RGB_c123p12_NN_HO_P1_NP100.png
static/images/layer_o_982iok.png;vis_visible_Cd_RGB_c123p12_NN_HO_P1_NP100.png
static/images/layer_7ka2pu33.png;vis_visible_Ba_RGB_c123p12_NN_HO_P1_NP100.png
static/images/layer_an79ffho.png;vis_visible_As_RGB_c123p12_NN_HO_P1_NP100.png
static/images/layer_yxb_53ln.png;nrnr_Co_RGB_c123p12_NY_HE_P9_NP100.png
static/images/layer_n1qarvd3.png;nrnr_Cd_RGB_c123p12_NY_HE_P9_NP100.png
static/images/layer_ibotmaiu.png;nrnr_Cr_RGB_c123p12_NY_HE_P9_NP100.png
static/images/layer_zxjt8xh4.png;vis_visible_Cu_RGB_c123p12_NN_HO_P1_NP100.png
static/images/layer_4atfhjoe.png;vis_visible_Hg_RGB_c123p12_NN_HO_P1_NP100.png
static/images/layer_8876bh7l.png;vis_visible_Co_RGB_c123p12_NN_HO_P1_NP100.png
static/images/layer__jx8_phe.png;vis_visible_Ni_RGB_c123p12_NN_HO_P1_NP100.png
static/images/layer_wqm9yght.png;vis_visible_Mn_RGB_c123p12_NN_HO_P1_NP100.png
static/images/layer_sw95sble.png;vis_visible_K_RGB_c123p12_NN_HO_P1_NP100.png
static/images/layer_obqeq293.png;vis_visible_Fe_RGB_c123p12_NN_HO_P1_NP100.png
static/images/layer_q04mxdui.png;vis_visible_Pb_RGB_c123p12_NN_HO_P1_NP100.png
static/images/layer_fnxjal51.png;vis_visible_Cr_RGB_c123p12_NN_HO_P1_NP100.png
static/images/layer_udftvp6b.png;vis_visible_Sb_RGB_c123p12_NN_HO_P1_NP100.png
static/images/layer_n71crqml.png;vis_visible_Sn_RGB_c123p12_NN_HO_P1_NP100.png
static/images/layer_uv7rmnbk.png;vis_visible_Se_RGB_c123p12_NN_HO_P1_NP100.png
static/images/layer_5zuvuyc3.png;vis_visible_Zn_RGB_c123p12_NN_HO_P1_NP100.png
static/images/layer_ikduwupn.png;vis_visible_Ti_RGB_c123p12_NN_HO_P1_NP100.png
